accuracy,f1
0.9710550887021475,0.9717118174132312
